N,n_x,n_b,n_trunc,p_obs,pg,status,H_min_bits,runtime_sec,num_constraints,num_blocks,num_words_per_block
0.005,2,2,0,"[[0.4437685419908576, 0.5562314580091424], [0.5562314580091424, 0.4437685419908576]]",0.822955740164699,optimal,0.281113252529571,1.1794988638721406,91,2,46
0.02368421052631579,2,2,0,"[[0.37911973180745595, 0.620880268192544], [0.620880268192544, 0.37911973180745595]]",0.8764330191614829,optimal,0.19028425674456176,1.0424596939701587,91,2,46
0.042368421052631576,2,2,0,"[[0.3402899926581956, 0.6597100073418044], [0.6597100073418044, 0.3402899926581956]]",0.906682304481905,optimal,0.14133096644707938,1.0631687508430332,91,2,46
0.061052631578947365,2,2,0,"[[0.3105907269258653, 0.6894092730741347], [0.6894092730741347, 0.3105907269258653]]",0.9278715962900058,optimal,0.10800292338451431,0.9973687638994306,91,2,46
0.07973684210526316,2,2,0,"[[0.2861204628394568, 0.7138795371605432], [0.7138795371605432, 0.2861204628394568]]",0.9439061393720705,optimal,0.08328468762527003,1.0573147530667484,91,2,46
0.09842105263157895,2,2,0,"[[0.2651845769033508, 0.7348154230966493], [0.7348154230966493, 0.2651845769033508]]",0.9564815082884933,optimal,0.06419101775180246,0.9986551289912313,91,2,46
0.11710526315789474,2,2,0,"[[0.24685722816064665, 0.7531427718393533], [0.7531427718393533, 0.24685722816064665]]",0.966524831967033,optimal,0.04912129623721191,1.0580739069264382,91,2,46
0.13578947368421052,2,2,0,"[[0.23056346553582524, 0.7694365344641747], [0.7694365344641747, 0.23056346553582524]]",0.9746150815010406,optimal,0.03709554746649723,1.0223646499216557,91,2,46
0.15447368421052632,2,2,0,"[[0.21591534618854524, 0.7840846538114548], [0.7840846538114548, 0.21591534618854524]]",0.9811390752778629,optimal,0.027470443669612193,1.0597455049864948,91,2,46
0.17315789473684212,2,2,0,"[[0.20263536147403188, 0.7973646385259681], [0.7973646385259681, 0.20263536147403188]]",0.9863754971677641,optimal,0.019791133096348716,0.9952349129598588,91,2,46
0.1918421052631579,2,2,0,"[[0.19051619274217146, 0.8094838072578285], [0.8094838072578285, 0.19051619274217146]]",0.9905373512209948,optimal,0.01371671754613721,1.0552068338729441,91,2,46
0.21052631578947367,2,2,0,"[[0.1793976789434708, 0.8206023210565292], [0.8206023210565292, 0.1793976789434708]]",0.9937785032543041,optimal,0.009003760066996158,1.0019879199098796,91,2,46
0.22921052631578948,2,2,0,"[[0.16915275035081673, 0.8308472496491832], [0.8308472496491832, 0.16915275035081673]]",0.996235777767514,optimal,0.005440871508957364,1.0739641510881484,91,2,46
0.24789473684210528,2,2,0,"[[0.1596783859718806, 0.8403216140281193], [0.8403216140281193, 0.1596783859718806]]",0.9980061560874789,optimal,0.00287938019708583,1.03012609295547,91,2,46
0.266578947368421,2,2,0,"[[0.15088955348827077, 0.8491104465117292], [0.8491104465117292, 0.15088955348827077]]",0.9991769486286579,optimal,0.001187901050712461,1.0640670130960643,91,2,46
0.28526315789473683,2,2,0,"[[0.14271500551110844, 0.8572849944888916], [0.8572849944888916, 0.14271500551110844]]",0.9998206891050271,optimal,0.00025871413477956625,1.0213643801398575,91,2,46
0.30394736842105263,2,2,0,"[[0.1350942775186757, 0.8649057224813244], [0.8649057224813244, 0.1350942775186757]]",0.9999995496221191,optimal,6.497580815877326e-07,1.0872031459584832,91,2,46
0.32263157894736844,2,2,0,"[[0.12797549001178177, 0.8720245099882182], [0.8720245099882182, 0.12797549001178177]]",0.9999999900018162,optimal,1.4424330310781345e-08,1.0223328860010952,91,2,46
0.34131578947368424,2,2,0,"[[0.12131370446867673, 0.8786862955313233], [0.8786862955313233, 0.12131370446867673]]",0.9999999878170378,optimal,1.7576299248594675e-08,1.069174992153421,91,2,46
0.36,2,2,0,"[[0.11506967022170828, 0.8849303297782918], [0.8849303297782918, 0.11506967022170828]]",0.9999999982954892,optimal,2.4590892151343684e-09,1.043086871970445,91,2,46
0.005,2,4,0,"[[0.19179765125434867, 0.2519708907365089, 0.27811572900457127, 0.27811572900457115], [0.27811572900457115, 0.27811572900457127, 0.2519708907365089, 0.19179765125434867]]",0.7994878581693667,optimal,0.3228519712403621,6.203384181018919,291,4,72
0.02368421052631579,2,4,0,"[[0.13345854271204233, 0.24566118909541362, 0.310440134096272, 0.310440134096272], [0.310440134096272, 0.310440134096272, 0.24566118909541362, 0.13345854271204233]]",0.8335277512566053,optimal,0.26269786216182334,5.991857550106943,291,4,72
0.042368421052631576,2,4,0,"[[0.10317654470809079, 0.23711344795010478, 0.32985500367090226, 0.32985500367090215], [0.32985500367090215, 0.32985500367090226, 0.23711344795010478, 0.10317654470809079]]",0.8654551084956197,optimal,0.20846910652641928,5.925522785168141,291,4,72
0.061052631578947365,2,4,0,"[[0.08256698700739817, 0.22802373991846714, 0.34470463653706734, 0.34470463653706734], [0.34470463653706734, 0.34470463653706734, 0.22802373991846714, 0.08256698700739817]]",0.8899653570871402,optimal,0.16817891625924822,5.877668367931619,291,4,72
0.07973684210526316,2,4,0,"[[0.06730607733593807, 0.21881438550351875, 0.35693976858027154, 0.35693976858027165], [0.35693976858027165, 0.35693976858027154, 0.21881438550351875, 0.06730607733593807]]",0.9093498487171097,optimal,0.1370926542558036,5.881380046950653,291,4,72
0.09842105263157895,2,4,0,"[[0.055511464776167974, 0.20967311212718281, 0.3674077115483246, 0.36740771154832463], [0.36740771154832463, 0.3674077115483246, 0.20967311212718281, 0.055511464776167974]]",0.925229051290406,optimal,0.11211752898395401,5.85576898814179,291,4,72
0.11710526315789474,2,4,0,"[[0.046156199738277115, 0.20070102842236953, 0.37657138591967665, 0.3765713859196767], [0.3765713859196767, 0.37657138591967665, 0.20070102842236953, 0.046156199738277115]]",0.9384869156765547,optimal,0.09159146365128312,5.933043570956215,291,4,72
0.13578947368421052,2,4,0,"[[0.03860599702015005, 0.1919574685156752, 0.3847182672320874, 0.38471826723208735], [0.38471826723208735, 0.3847182672320874, 0.1919574685156752, 0.03860599702015005]]",0.9496789686864504,optimal,0.0744881904514791,5.8388075770344585,291,4,72
0.15447368421052632,2,4,0,"[[0.03243698726284455, 0.1834783589257007, 0.3920423269057274, 0.3920423269057274], [0.3920423269057274, 0.3920423269057274, 0.1834783589257007, 0.03243698726284455]]",0.959178826986846,optimal,0.06012828198407431,5.804139971034601,291,4,72
0.17315789473684212,2,4,0,"[[0.027350158871981, 0.17528520260205088, 0.3986823192629841, 0.39868231926298403], [0.3986823192629841, 0.39868231926298414, 0.1752852026020509, 0.027350158871981004]]",0.9672536283602616,optimal,0.048033859373393294,5.881321352906525,291,4,72
0.1918421052631579,2,4,0,"[[0.023126160131693163, 0.1673900326104783, 0.40474190362891427, 0.40474190362891427], [0.40474190362891427, 0.40474190362891427, 0.1673900326104783, 0.023126160131693163]]",0.9741086869401521,optimal,0.037845343769085445,5.820139860035852,291,4,72
0.21052631578947367,2,4,0,"[[0.019599288081728672, 0.15979839086174213, 0.41030116052826465, 0.41030116052826454], [0.41030116052826454, 0.41030116052826465, 0.15979839086174213, 0.019599288081728672]]",0.9799033974975805,optimal,0.029288564864268007,5.852422428084537,291,4,72
0.22921052631578948,2,4,0,"[[0.01664151022536886, 0.15251124012544787, 0.41542362482459166, 0.4154236248245916], [0.41542362482459166, 0.4154236248245917, 0.1525112401254479, 0.016641510225368864]]",0.984765867029551,optimal,0.02214733745228042,5.889502909034491,291,4,72
0.24789473684210528,2,4,0,"[[0.014152131308738936, 0.14552625466314167, 0.42016080701405967, 0.42016080701405967], [0.42016080701405967, 0.42016080701405967, 0.14552625466314167, 0.014152131308738936]]",0.9888014402210856,optimal,0.016247250311837748,5.894165143137798,291,4,72
0.266578947368421,2,4,0,"[[0.01205082722593831, 0.13883872626233246, 0.4245552232558646, 0.42455522325586464], [0.42455522325586464, 0.4245552232558646, 0.13883872626233246, 0.01205082722593831]]",0.9920987113952567,optimal,0.011444422505619204,5.848291705129668,291,4,72
0.28526315789473683,2,4,0,"[[0.01027278543762955, 0.1324422200734789, 0.4286424972444458, 0.42864249724444575], [0.42864249724444575, 0.4286424972444458, 0.1324422200734789, 0.01027278543762955]]",0.9947355569261068,optimal,0.007615048042841941,5.888871068134904,291,4,72
0.30394736842105263,2,4,0,"[[0.008765216725232505, 0.1263290607934432, 0.4324528612406622, 0.4324528612406621], [0.4324528612406621, 0.4324528612406622, 0.1263290607934432, 0.008765216725232505]]",0.9967734186190891,optimal,0.004662498975034062,5.869527638889849,291,4,72
0.32263157894736844,2,4,0,"[[0.007484790275443076, 0.12049069973633869, 0.4360122549941091, 0.4360122549941091], [0.4360122549941091, 0.4360122549941091, 0.12049069973633869, 0.007484790275443076]]",0.9982715091772154,optimal,0.002495842780860362,5.8660353270825,291,4,72
0.34131578947368424,2,4,0,"[[0.006395708678464618, 0.11491799579021211, 0.43934314776566163, 0.43934314776566163], [0.43934314776566163, 0.43934314776566163, 0.11491799579021211, 0.006395708678464618]]",0.9992794058009103,optimal,0.0010399724215843138,6.039367208024487,291,4,72
0.36,2,4,0,"[[0.005468237657763608, 0.10960143256394467, 0.44246516488914583, 0.4424651648891459], [0.4424651648891459, 0.44246516488914583, 0.10960143256394467, 0.005468237657763608]]",0.9998397547826938,optimal,0.00023120350545656866,6.045032226014882,291,4,72
0.005,2,8,0,"[[0.009875884116445133, 0.04479479527444957, 0.13712697186345396, 0.2519708907365089, 0.27811572900457127, 0.18441709685530688, 0.07342781527502706, 0.020270816874237207], [0.020270816874237207, 0.07342781527502706, 0.18441709685530688, 0.27811572900457127, 0.2519708907365089, 0.13712697186345396, 0.04479479527444957, 0.009875884116445133]]",0.793055938390224,optimal,0.33450546452943797,50.496988735860214,1219,8,124
0.02368421052631579,2,8,0,"[[0.0033139534774409007, 0.024586529046761618, 0.10555806018783981, 0.24566118909541362, 0.310440134096272, 0.21312451214703612, 0.07942464063144572, 0.017890981317790156], [0.017890981317790156, 0.07942464063144572, 0.21312451214703612, 0.310440134096272, 0.24566118909541362, 0.10555806018783981, 0.024586529046761618, 0.0033139534774409007]]",0.8153997412039431,optimal,0.2944205959513203,50.515746454009786,1219,8,124
0.042368421052631576,2,8,0,"[[0.0015005364845763205, 0.01568707117470242, 0.08598893704881207, 0.2371134479501048, 0.3298550036709023, 0.23172819005560905, 0.08212175936375067, 0.016005054251542476], [0.016005054251542476, 0.08212175936375067, 0.23172819005560905, 0.3298550036709023, 0.2371134479501048, 0.08598893704881207, 0.01568707117470242, 0.0015005364845763205]]",0.839306627690498,optimal,0.25273012160953967,51.17130794096738,1219,8,124
0.061052631578947365,2,8,0,"[[0.0007474364032122871, 0.010501852695760039, 0.07131769790842585, 0.22802373991846714, 0.34470463653706734, 0.24678387292498338, 0.08356131631963826, 0.014359447292445704], [0.014359447292445704, 0.08356131631963826, 0.24678387292498338, 0.34470463653706734, 0.22802373991846714, 0.07131769790842585, 0.010501852695760039, 0.0007474364032122871]]",0.8647517557865183,optimal,0.20964205704726105,51.13814952294342,1219,8,124
0.07973684210526316,2,8,0,"[[0.00039116877454575816, 0.00720912742228097, 0.05970578113911135, 0.21881438550351875, 0.35693976858027154, 0.25980568501901313, 0.08424245324668556, 0.01289163031457291], [0.01289163031457291, 0.08424245324668556, 0.25980568501901313, 0.35693976858027154, 0.21881438550351875, 0.05970578113911135, 0.00720912742228097, 0.00039116877454575816]]",0.8888201563164104,optimal,0.1700365609146333,53.30985341803171,1219,8,124
0.09842105263157895,2,8,0,"[[0.0002109822897506386, 0.005025913980572061, 0.050274568505845274, 0.20967311212718281, 0.3674077115483246, 0.27144367020173576, 0.08439255276494334, 0.011571488581645528], [0.011571488581645528, 0.08439255276494334, 0.27144367020173576, 0.3674077115483246, 0.20967311212718281, 0.050274568505845274, 0.005025913980572061, 0.0002109822897506386]]",0.9091837890158502,optimal,0.1373561341312302,56.3328378458973,1219,8,124
0.11710526315789474,2,8,0,"[[0.00011609401930889884, 0.00354050993634214, 0.042499595782626076, 0.20070102842236953, 0.37657138591967665, 0.28204881827308187, 0.0841425427773787, 0.010380024869216131], [0.010380024869216131, 0.0841425427773787, 0.28204881827308187, 0.37657138591967665, 0.20070102842236953, 0.042499595782626076, 0.00354050993634214, 0.00011609401930889884]]",0.9259509326261014,optimal,0.1109923497091599,53.15064380597323,1219,8,124
0.13578947368421052,2,8,0,"[[6.477673485738578e-05, 0.002512592574531791, 0.036028627710760874, 0.1919574685156752, 0.3847182672320874, 0.29183657082052117, 0.08357841377435449, 0.009303282637211696], [0.009303282637211696, 0.08357841377435449, 0.29183657082052117, 0.3847182672320874, 0.1919574685156752, 0.036028627710760874, 0.002512592574531791, 6.477673485738578e-05]]",0.939928731921369,optimal,0.0893767232050629,54.90941376099363,1219,8,124
0.15447368421052632,2,8,0,"[[3.6505971559130934e-05, 0.001792799845769133, 0.030607681445516288, 0.1834783589257007, 0.3920423269057274, 0.3009506763547916, 0.08276162670027021, 0.008330023850665558], [0.008330023850665558, 0.08276162670027021, 0.3009506763547916, 0.3920423269057274, 0.1834783589257007, 0.030607681445516288, 0.001792799845769133, 3.6505971559130934e-05]]",0.9516372866210236,optimal,0.07151629499340083,54.78620440303348,1219,8,124
0.17315789473684212,2,8,0,"[[2.0723900108654547e-05, 0.0012844260979376076, 0.02604500887393474, 0.17528520260205088, 0.3986823192629841, 0.3094928997612699, 0.08173873943405124, 0.007450680067662863], [0.007450680067662863, 0.08173873943405124, 0.3094928997612699, 0.3986823192629841, 0.17528520260205088, 0.02604500887393474, 0.0012844260979376076, 2.0723900108654547e-05]]",0.9614615830229976,optimal,0.05669888172102137,54.239730458008125,1219,8,124
0.1918421052631579,2,8,0,"[[1.1827780971196411e-05, 0.000923067417668344, 0.022191264933053623, 0.1673900326104783, 0.40474190362891427, 0.3175385666992702, 0.08054651373551991, 0.00665682319412414], [0.00665682319412414, 0.08054651373551991, 0.3175385666992702, 0.40474190362891427, 0.1673900326104783, 0.022191264933053623, 0.000923067417668344, 1.1827780971196411e-05]]",0.9697120996933619,optimal,0.044371609439211875,52.2766850059852,1219,8,124
0.21052631578947367,2,8,0,"[[6.777052766526737e-06, 0.0006649555829583709, 0.018927555446003774, 0.15979839086174213, 0.41030116052826465, 0.32514541763974036, 0.07921486707633196, 0.0059408758121922145], [0.0059408758121922145, 0.07921486707633196, 0.32514541763974036, 0.41030116052826465, 0.15979839086174213, 0.018927555446003774, 0.0006649555829583709, 6.777052766526737e-06]]",0.9766062935573859,optimal,0.034151019702510055,50.51321851904504,1219,8,124
0.22921052631578948,2,8,0,"[[3.894189867015285e-06, 0.00047989819278215773, 0.016157717842719688, 0.15251124012544787, 0.41542362482459166, 0.33235898747408754, 0.07776869563030764, 0.005295941720196429], [0.005295941720196429, 0.07776869563030764, 0.33235898747408754, 0.41542362482459166, 0.15251124012544787, 0.016157717842719688, 0.00047989819278215773, 3.894189867015285e-06]]",0.9823380916174087,optimal,0.025708452064930734,50.70624133897945,1219,8,124
0.24789473684210528,2,8,0,"[[2.2421901785252274e-06, 0.0003468311234387511, 0.01380305799512166, 0.14552625466314167, 0.42016080701405967, 0.33921604451791953, 0.0762290619529819, 0.00471570054315823], [0.00471570054315823, 0.0762290619529819, 0.33921604451791953, 0.42016080701405967, 0.14552625466314167, 0.01380305799512166, 0.0003468311234387511, 2.2421901785252274e-06]]",0.987050692191233,optimal,0.018803915479339156,50.070000637089834,1219,8,124
0.266578947368421,2,8,0,"[[1.29278382576814e-06, 0.00025093044086504923, 0.011798604001247492, 0.13883872626233246, 0.4245552232558646, 0.3457468810868151, 0.07461400417226849, 0.004194337996781039], [0.004194337996781039, 0.07461400417226849, 0.3457468810868151, 0.4245552232558646, 0.13883872626233246, 0.011798604001247492, 0.00025093044086504923, 1.29278382576814e-06]]",0.9908698376088129,optimal,0.01323253996762175,51.526445695897564,1219,8,124
0.28526315789473683,2,8,0,"[[7.460286093330382e-07, 0.00018169284485719528, 0.010090346564163022, 0.1324422200734789, 0.4286424972444458, 0.35197689165434237, 0.07293910898298905, 0.003726496607114327], [0.003726496607114327, 0.07293910898298905, 0.35197689165434237, 0.4286424972444458, 0.1324422200734789, 0.010090346564163022, 0.00018169284485719528, 7.460286093330382e-07]]",0.9939074793537201,optimal,0.008816534136029138,50.42588020302355,1219,8,124
0.30394736842105263,2,8,0,"[[4.307091521216222e-07, 0.00013163656068676532, 0.008633149455393618, 0.1263290607934432, 0.4324528612406622, 0.35792769141155745, 0.07121793140754606, 0.0033072384215586115], [0.0033072384215586115, 0.07121793140754606, 0.35792769141155745, 0.4324528612406622, 0.1263290607934432, 0.008633149455393618, 0.00013163656068676532, 4.307091521216222e-07]]",0.9962400409597245,optimal,0.0054346977966316145,49.37939228210598,1219,8,124
0.32263157894736844,2,8,0,"[[2.4869646492176045e-07, 9.540953828213183e-05, 0.007389132040696023, 0.12049069973633869, 0.4360122549941091, 0.3636179283530671, 0.06946231177891149, 0.0029320148621305164], [0.0029320148621305164, 0.06946231177891149, 0.3636179283530671, 0.4360122549941091, 0.12049069973633869, 0.007389132040696023, 9.540953828213183e-05, 2.4869646492176045e-07]]",0.9979504425467034,optimal,0.0029599206748327366,49.71934440708719,1219,8,124
0.34131578947368424,2,8,0,"[[1.4358112832013603e-07, 6.917030188041684e-05, 0.006326394795455881, 0.11491799579021211, 0.43934314776566163, 0.36906388512937327, 0.06768262174048129, 0.0025966408958070786], [0.0025966408958070786, 0.06768262174048129, 0.36906388512937327, 0.43934314776566163, 0.11491799579021211, 0.006326394795455881, 6.917030188041684e-05, 1.4358112832013603e-07]]",0.9991035814906524,optimal,0.001293838535081638,50.58138113305904,1219,8,124
0.36,2,8,0,"[[8.286566366422221e-08, 5.015418873199895e-05, 0.005418000603367945, 0.10960143256394467, 0.44246516488914583, 0.37427993310998614, 0.06588795991206142, 0.002297271867098327], [0.002297271867098327, 0.06588795991206142, 0.37427993310998614, 0.44246516488914583, 0.10960143256394467, 0.005418000603367945, 5.015418873199895e-05, 8.286566366422221e-08]]",0.9997651083036332,optimal,0.0003389168914346441,50.111569287022576,1219,8,124
